"obs","violence","trust","tweets"
1,3,8,"norm_violate"
2,2,10,"control"
3,3,8,"norm_violate"
4,0,9,"control"
5,3,11,"norm_violate"
6,1,9,"control"
7,0,11,"control"
8,4,9,"control"
9,10,6,"norm_violate"
10,0,11,"control"
11,0,7,"control"
12,2,9,"control"
13,1,9,"norm_violate"
14,1,9,"control"
15,1,11,"control"
16,1,10,"control"
17,3,10,"norm_violate"
18,3,10,"control"
19,0,9,"norm_violate"
20,1,9,"control"
21,1,8,"norm_violate"
22,3,11,"norm_violate"
23,0,7,"norm_violate"
24,1,11,"norm_violate"
25,1,10,"norm_violate"
26,2,8,"control"
27,0,9,"norm_violate"
28,0,10,"control"
29,4,9,"norm_violate"
30,12,9,"control"
31,0,9,"control"
32,2,7,"control"
33,0,12,"control"
34,1,8,"norm_violate"
35,0,9,"norm_violate"
36,3,12,"norm_violate"
37,3,11,"norm_violate"
38,2,11,"norm_violate"
39,0,10,"control"
40,2,8,"norm_violate"
41,1,10,"control"
42,1,10,"control"
43,11,8,"control"
44,0,9,"norm_violate"
45,1,10,"norm_violate"
46,3,11,"control"
47,11,9,"norm_violate"
48,1,9,"norm_violate"
49,12,11,"norm_violate"
50,1,8,"control"
51,0,9,"norm_violate"
52,1,8,"control"
53,4,10,"norm_violate"
54,3,8,"norm_violate"
55,12,9,"norm_violate"
56,2,10,"control"
57,2,7,"control"
58,1,10,"norm_violate"
59,1,8,"control"
60,1,11,"control"
61,2,10,"control"
62,3,9,"norm_violate"
63,1,11,"control"
64,10,11,"norm_violate"
65,3,9,"control"
66,0,10,"norm_violate"
67,4,9,"norm_violate"
68,0,11,"norm_violate"
69,1,7,"control"
70,1,9,"norm_violate"
71,0,9,"control"
72,1,11,"control"
73,0,10,"norm_violate"
74,0,8,"control"
75,1,12,"control"
76,11,9,"norm_violate"
77,0,11,"norm_violate"
78,3,10,"control"
79,2,10,"control"
80,1,9,"norm_violate"
81,9,12,"norm_violate"
82,1,8,"norm_violate"
83,1,11,"control"
84,0,10,"norm_violate"
85,0,10,"control"
86,0,8,"norm_violate"
87,3,11,"control"
88,1,8,"control"
89,1,9,"norm_violate"
90,0,8,"control"
91,2,11,"control"
92,2,8,"norm_violate"
93,0,11,"control"
94,10,7,"control"
95,0,10,"control"
96,1,11,"norm_violate"
97,4,12,"norm_violate"
98,11,9,"control"
99,1,9,"norm_violate"
100,1,9,"norm_violate"
101,0,9,"control"
102,2,9,"control"
103,1,12,"norm_violate"
104,0,12,"norm_violate"
105,0,7,"norm_violate"
106,0,9,"control"
107,1,11,"control"
108,1,10,"norm_violate"
109,0,8,"norm_violate"
110,2,10,"control"
111,2,10,"norm_violate"
112,3,9,"norm_violate"
113,0,7,"norm_violate"
114,2,10,"norm_violate"
115,3,11,"control"
116,2,8,"control"
117,3,8,"control"
118,0,10,"control"
119,1,8,"norm_violate"
120,11,8,"norm_violate"
121,0,9,"control"
122,1,10,"control"
123,0,11,"norm_violate"
124,1,10,"norm_violate"
125,0,9,"control"
126,0,7,"control"
127,0,9,"control"
128,1,10,"control"
129,0,8,"control"
130,1,10,"norm_violate"
131,2,9,"norm_violate"
132,0,9,"control"
133,1,11,"control"
134,1,12,"norm_violate"
135,4,8,"control"
136,1,9,"norm_violate"
137,1,8,"control"
138,12,10,"control"
139,0,10,"control"
140,0,9,"control"
141,1,10,"norm_violate"
142,3,9,"control"
143,1,8,"control"
144,2,10,"control"
145,1,6,"norm_violate"
146,2,9,"control"
147,3,9,"control"
148,3,10,"norm_violate"
149,3,9,"norm_violate"
150,1,10,"control"
151,2,8,"control"
152,0,11,"norm_violate"
153,3,11,"control"
154,0,10,"norm_violate"
155,2,9,"control"
156,1,10,"norm_violate"
157,4,12,"control"
158,0,11,"control"
159,2,11,"norm_violate"
160,1,8,"norm_violate"
161,2,9,"norm_violate"
162,0,9,"norm_violate"
163,11,10,"norm_violate"
164,1,12,"norm_violate"
165,2,10,"control"
166,0,10,"norm_violate"
167,1,11,"control"
168,2,10,"control"
169,1,12,"control"
170,1,8,"control"
171,1,10,"norm_violate"
172,3,10,"norm_violate"
173,3,10,"norm_violate"
174,1,11,"control"
175,0,11,"control"
176,1,7,"control"
177,0,10,"control"
178,0,10,"norm_violate"
179,1,10,"control"
180,0,11,"control"
181,1,8,"norm_violate"
182,1,9,"norm_violate"
183,2,8,"norm_violate"
184,0,9,"control"
185,4,9,"norm_violate"
186,1,8,"norm_violate"
187,0,9,"control"
188,0,12,"control"
189,9,11,"control"
190,2,8,"control"
191,0,11,"norm_violate"
192,2,9,"norm_violate"
193,3,7,"norm_violate"
194,2,10,"norm_violate"
195,0,9,"norm_violate"
196,1,11,"norm_violate"
197,2,9,"norm_violate"
198,11,11,"norm_violate"
199,1,10,"control"
200,2,12,"norm_violate"
201,2,9,"norm_violate"
202,2,8,"control"
203,2,10,"norm_violate"
204,11,10,"control"
205,2,10,"norm_violate"
206,1,9,"norm_violate"
207,3,11,"norm_violate"
208,10,12,"norm_violate"
209,0,10,"norm_violate"
210,0,7,"norm_violate"
211,2,10,"control"
212,0,9,"norm_violate"
213,3,10,"norm_violate"
214,1,11,"control"
215,0,10,"control"
216,2,10,"control"
217,1,10,"control"
218,0,10,"control"
219,3,10,"control"
220,1,7,"control"
221,3,8,"norm_violate"
222,0,9,"norm_violate"
223,1,9,"control"
224,2,7,"control"
225,0,10,"control"
226,5,10,"norm_violate"
227,2,10,"norm_violate"
228,12,9,"control"
229,3,9,"norm_violate"
230,2,10,"norm_violate"
231,3,10,"norm_violate"
232,0,11,"control"
233,2,11,"control"
234,1,8,"norm_violate"
235,1,10,"control"
236,2,11,"norm_violate"
237,1,10,"control"
238,1,11,"control"
239,2,10,"norm_violate"
240,1,10,"norm_violate"
241,1,11,"norm_violate"
242,3,8,"norm_violate"
243,2,10,"norm_violate"
244,0,10,"control"
245,3,9,"control"
246,1,7,"norm_violate"
247,2,9,"norm_violate"
248,3,11,"control"
249,1,8,"control"
250,2,8,"norm_violate"
251,0,6,"control"
252,1,10,"control"
253,1,9,"norm_violate"
254,0,11,"control"
255,1,7,"control"
256,2,9,"norm_violate"
257,11,9,"control"
258,0,10,"norm_violate"
259,0,9,"control"
260,1,10,"norm_violate"
261,11,8,"control"
262,0,8,"control"
263,2,9,"norm_violate"
264,1,9,"control"
265,2,10,"norm_violate"
266,2,11,"norm_violate"
267,2,11,"control"
268,0,11,"control"
269,2,9,"control"
270,1,9,"norm_violate"
271,8,10,"control"
272,0,8,"norm_violate"
273,3,11,"norm_violate"
274,1,9,"norm_violate"
275,2,12,"control"
276,1,8,"control"
277,2,11,"control"
278,1,10,"control"
279,10,11,"norm_violate"
280,1,10,"control"
281,2,11,"norm_violate"
282,3,9,"control"
283,1,11,"control"
284,10,11,"control"
285,1,10,"control"
286,2,12,"control"
287,1,10,"control"
288,0,10,"control"
289,2,6,"control"
290,0,9,"control"
291,2,11,"norm_violate"
292,1,10,"control"
293,3,10,"control"
294,1,8,"norm_violate"
295,1,8,"norm_violate"
296,2,11,"control"
297,1,10,"norm_violate"
298,2,8,"control"
299,0,10,"norm_violate"
300,1,11,"control"
301,1,12,"control"
302,1,9,"norm_violate"
303,1,10,"norm_violate"
304,3,7,"control"
305,1,10,"norm_violate"
306,12,9,"norm_violate"
307,0,11,"norm_violate"
308,0,9,"norm_violate"
309,1,11,"control"
310,0,9,"norm_violate"
311,12,10,"control"
312,0,9,"norm_violate"
313,0,9,"control"
314,1,6,"norm_violate"
315,1,11,"norm_violate"
316,1,7,"control"
317,2,8,"norm_violate"
318,1,9,"norm_violate"
319,2,10,"control"
320,3,11,"control"
321,1,8,"norm_violate"
322,2,9,"norm_violate"
323,3,8,"control"
324,1,10,"control"
325,3,10,"control"
326,1,9,"norm_violate"
327,2,10,"norm_violate"
328,2,10,"norm_violate"
329,0,10,"control"
330,12,10,"control"
331,0,10,"norm_violate"
332,2,12,"control"
333,2,10,"norm_violate"
334,12,10,"norm_violate"
335,1,12,"control"
336,1,10,"control"
337,2,9,"norm_violate"
338,0,12,"control"
339,1,10,"norm_violate"
340,4,10,"norm_violate"
341,2,10,"control"
342,2,10,"control"
343,11,8,"norm_violate"
344,11,9,"control"
345,3,9,"norm_violate"
346,10,10,"control"
347,4,10,"norm_violate"
348,2,9,"norm_violate"
349,0,10,"control"
350,4,9,"norm_violate"
351,2,7,"norm_violate"
352,2,8,"norm_violate"
353,1,8,"norm_violate"
354,2,10,"norm_violate"
355,1,12,"norm_violate"
356,1,11,"control"
357,12,10,"control"
358,5,7,"norm_violate"
359,2,11,"control"
360,3,12,"control"
361,11,11,"control"
362,2,9,"control"
363,0,9,"control"
364,12,10,"control"
365,1,11,"control"
366,2,10,"norm_violate"
367,1,12,"control"
368,1,11,"control"
369,11,9,"control"
370,1,11,"norm_violate"
371,0,12,"control"
372,1,10,"norm_violate"
373,3,10,"norm_violate"
374,1,10,"norm_violate"
375,1,8,"control"
376,9,11,"control"
377,2,8,"control"
378,3,10,"control"
379,1,8,"norm_violate"
380,0,8,"control"
381,12,11,"norm_violate"
382,1,8,"norm_violate"
383,1,9,"control"
384,1,8,"norm_violate"
385,0,8,"norm_violate"
386,11,11,"norm_violate"
387,2,10,"control"
388,1,11,"control"
389,4,8,"control"
390,1,12,"norm_violate"
391,0,8,"control"
392,0,10,"control"
393,2,9,"control"
394,0,8,"control"
395,1,6,"norm_violate"
396,1,12,"control"
397,2,10,"control"
398,2,9,"norm_violate"
399,1,9,"norm_violate"
400,1,7,"control"
401,2,10,"control"
402,3,10,"control"
403,2,10,"norm_violate"
404,1,8,"control"
405,2,9,"control"
406,1,11,"control"
407,2,10,"norm_violate"
408,0,10,"control"
409,1,10,"control"
410,1,7,"norm_violate"
411,11,11,"control"
412,0,12,"control"
413,0,9,"control"
414,2,11,"control"
415,1,11,"norm_violate"
416,0,10,"norm_violate"
417,2,10,"control"
418,12,8,"control"
419,12,12,"norm_violate"
420,0,9,"norm_violate"
421,2,10,"control"
422,11,10,"control"
423,2,9,"control"
424,4,8,"norm_violate"
425,1,10,"norm_violate"
426,1,12,"control"
427,3,11,"norm_violate"
428,3,10,"control"
429,1,7,"control"
430,0,9,"norm_violate"
431,0,11,"control"
432,2,10,"control"
433,1,11,"norm_violate"
434,8,11,"control"
435,0,8,"norm_violate"
436,0,8,"norm_violate"
437,1,10,"control"
438,3,9,"control"
439,1,9,"control"
440,0,11,"norm_violate"
441,1,8,"norm_violate"
442,2,10,"norm_violate"
443,3,12,"norm_violate"
444,1,10,"control"
445,0,12,"control"
446,10,9,"norm_violate"
447,2,8,"control"
448,3,10,"control"
449,2,9,"norm_violate"
450,2,8,"norm_violate"
451,3,8,"control"
452,1,8,"norm_violate"
453,0,9,"control"
454,2,11,"control"
455,2,10,"control"
456,1,10,"norm_violate"
457,0,9,"norm_violate"
458,0,9,"control"
459,1,9,"norm_violate"
460,3,7,"control"
461,3,10,"control"
462,1,9,"control"
463,12,11,"control"
464,1,9,"control"
465,1,8,"control"
466,1,10,"norm_violate"
467,0,7,"control"
468,0,10,"control"
469,0,10,"control"
470,2,9,"control"
471,9,11,"control"
472,0,11,"norm_violate"
473,3,7,"norm_violate"
474,1,10,"norm_violate"
475,1,11,"control"
476,2,7,"norm_violate"
477,2,9,"control"
478,2,10,"norm_violate"
479,1,11,"norm_violate"
480,1,11,"control"
481,0,11,"control"
482,10,8,"control"
483,2,11,"control"
484,1,10,"control"
485,1,9,"control"
486,1,9,"norm_violate"
487,0,10,"control"
488,1,10,"control"
489,1,9,"norm_violate"
490,1,8,"norm_violate"
491,0,7,"norm_violate"
492,3,10,"norm_violate"
493,10,11,"control"
494,10,10,"norm_violate"
495,12,11,"norm_violate"
496,4,11,"norm_violate"
497,1,9,"control"
498,0,9,"control"
499,1,10,"control"
500,1,11,"control"
501,1,8,"control"
502,1,9,"control"
503,1,11,"norm_violate"
504,0,10,"control"
505,3,11,"norm_violate"
506,2,8,"control"
507,2,8,"control"
508,0,10,"control"
509,2,11,"control"
510,0,8,"control"
511,1,11,"norm_violate"
512,2,8,"norm_violate"
513,2,10,"control"
514,0,11,"norm_violate"
515,0,8,"norm_violate"
516,11,9,"control"
517,3,9,"norm_violate"
518,1,9,"control"
519,2,9,"norm_violate"
520,2,9,"control"
521,1,12,"control"
522,11,9,"norm_violate"
523,3,7,"norm_violate"
524,0,11,"control"
525,1,11,"norm_violate"
526,1,9,"norm_violate"
527,2,9,"norm_violate"
528,1,9,"control"
529,2,9,"control"
530,10,8,"norm_violate"
531,1,8,"norm_violate"
532,0,9,"norm_violate"
533,2,11,"control"
534,2,9,"control"
535,1,9,"norm_violate"
536,1,10,"norm_violate"
537,1,11,"control"
538,0,11,"norm_violate"
539,12,5,"norm_violate"
540,1,9,"norm_violate"
541,1,8,"norm_violate"
542,2,8,"norm_violate"
543,1,7,"norm_violate"
544,0,10,"control"
545,0,7,"control"
546,0,9,"control"
547,2,11,"control"
548,0,7,"norm_violate"
549,0,10,"control"
550,2,9,"control"
551,2,9,"norm_violate"
552,1,10,"control"
553,1,8,"norm_violate"
554,1,11,"control"
555,1,11,"norm_violate"
556,0,10,"control"
557,1,7,"norm_violate"
558,3,10,"norm_violate"
559,11,10,"control"
560,1,10,"norm_violate"
561,10,11,"control"
562,3,11,"control"
563,2,9,"norm_violate"
564,1,9,"norm_violate"
565,2,9,"norm_violate"
566,1,8,"control"
567,1,9,"control"
568,2,11,"control"
569,2,7,"norm_violate"
570,2,10,"norm_violate"
571,12,7,"norm_violate"
572,2,9,"control"
573,0,10,"control"
574,1,8,"control"
575,0,8,"norm_violate"
576,0,9,"control"
577,0,12,"control"
578,3,9,"norm_violate"
579,12,8,"norm_violate"
580,3,11,"control"
581,2,10,"norm_violate"
582,3,10,"control"
583,0,8,"control"
584,0,9,"control"
585,3,8,"control"
586,1,10,"control"
587,0,11,"control"
588,1,10,"control"
589,2,11,"control"
590,2,8,"norm_violate"
591,2,9,"norm_violate"
592,1,9,"norm_violate"
593,0,8,"control"
594,12,9,"norm_violate"
595,9,10,"control"
596,1,8,"control"
597,0,11,"control"
598,0,9,"control"
599,2,12,"control"
600,0,11,"control"
601,2,9,"norm_violate"
602,0,8,"norm_violate"
603,2,12,"norm_violate"
604,1,9,"control"
605,1,8,"control"
606,1,8,"norm_violate"
607,0,9,"control"
608,1,8,"control"
609,1,7,"norm_violate"
610,0,9,"norm_violate"
611,0,8,"norm_violate"
612,1,9,"control"
613,1,11,"norm_violate"
614,3,8,"norm_violate"
615,0,8,"norm_violate"
616,0,9,"control"
617,1,11,"norm_violate"
618,12,10,"control"
619,11,8,"norm_violate"
620,1,10,"control"
621,2,8,"norm_violate"
622,4,10,"norm_violate"
623,1,11,"norm_violate"
624,2,8,"control"
625,0,7,"norm_violate"
626,2,10,"control"
627,0,9,"control"
628,0,10,"control"
629,1,12,"control"
630,3,10,"control"
631,0,11,"norm_violate"
632,1,9,"control"
633,2,10,"control"
634,3,9,"control"
635,1,10,"control"
636,0,9,"norm_violate"
637,0,9,"control"
638,2,11,"norm_violate"
639,4,10,"norm_violate"
640,1,8,"norm_violate"
641,1,11,"control"
642,2,8,"norm_violate"
643,2,12,"control"
644,0,9,"norm_violate"
645,1,12,"norm_violate"
646,1,9,"norm_violate"
647,3,12,"norm_violate"
648,1,8,"norm_violate"
649,2,10,"control"
650,12,9,"control"
651,2,9,"norm_violate"
652,1,12,"control"
653,1,11,"control"
654,0,11,"norm_violate"
655,0,9,"control"
656,1,8,"control"
657,3,8,"norm_violate"
658,1,12,"norm_violate"
659,10,11,"control"
660,1,10,"control"
661,1,9,"norm_violate"
662,1,11,"norm_violate"
663,1,10,"norm_violate"
664,0,10,"control"
665,0,11,"control"
666,1,8,"control"
667,2,6,"norm_violate"
668,1,10,"control"
669,2,10,"control"
670,0,9,"norm_violate"
671,1,8,"norm_violate"
672,2,8,"norm_violate"
673,0,10,"control"
674,2,9,"norm_violate"
675,1,11,"norm_violate"
676,1,10,"control"
677,0,10,"control"
678,1,9,"norm_violate"
679,2,10,"norm_violate"
680,2,11,"norm_violate"
681,1,10,"control"
682,2,7,"control"
683,1,11,"norm_violate"
684,3,8,"norm_violate"
685,0,9,"control"
686,2,9,"norm_violate"
687,2,11,"norm_violate"
688,2,10,"norm_violate"
689,12,9,"norm_violate"
690,2,10,"norm_violate"
691,11,8,"norm_violate"
692,11,10,"control"
693,11,11,"control"
694,1,10,"norm_violate"
695,0,9,"norm_violate"
696,0,10,"control"
697,2,6,"norm_violate"
698,2,10,"control"
699,0,7,"norm_violate"
700,1,10,"norm_violate"
701,10,10,"control"
702,1,8,"norm_violate"
703,0,11,"control"
704,10,8,"norm_violate"
705,10,11,"control"
706,2,10,"control"
707,1,11,"control"
708,1,10,"norm_violate"
709,9,10,"control"
710,2,8,"control"
711,11,9,"norm_violate"
712,1,9,"norm_violate"
713,2,7,"norm_violate"
714,1,9,"control"
715,1,9,"control"
716,1,6,"control"
717,3,7,"control"
718,0,10,"control"
719,2,10,"norm_violate"
720,11,10,"control"
721,2,10,"norm_violate"
722,1,12,"norm_violate"
723,0,9,"control"
724,2,12,"norm_violate"
725,3,8,"control"
726,1,10,"norm_violate"
727,1,11,"control"
728,2,10,"norm_violate"
729,3,9,"norm_violate"
730,1,10,"norm_violate"
731,1,11,"control"
732,1,10,"norm_violate"
733,1,10,"norm_violate"
734,2,9,"norm_violate"
735,4,7,"norm_violate"
736,2,10,"norm_violate"
737,1,11,"norm_violate"
738,0,7,"control"
739,0,8,"norm_violate"
740,0,9,"norm_violate"
741,5,8,"norm_violate"
742,0,9,"control"
743,0,11,"norm_violate"
744,1,10,"control"
745,0,11,"control"
746,11,9,"norm_violate"
747,1,11,"control"
748,2,9,"norm_violate"
749,1,10,"control"
750,1,7,"norm_violate"
751,4,10,"norm_violate"
752,3,9,"control"
753,12,8,"control"
754,1,10,"norm_violate"
755,2,11,"control"
756,2,10,"control"
757,2,10,"control"
758,1,11,"control"
759,3,8,"norm_violate"
760,11,9,"norm_violate"
761,1,9,"control"
762,1,12,"control"
763,1,11,"control"
764,3,11,"control"
765,0,7,"norm_violate"
766,2,11,"norm_violate"
767,2,9,"norm_violate"
768,0,8,"control"
769,3,9,"control"
770,2,8,"control"
771,2,10,"control"
772,1,10,"norm_violate"
773,2,8,"norm_violate"
774,2,10,"norm_violate"
775,0,11,"control"
776,1,8,"norm_violate"
777,1,9,"norm_violate"
778,1,10,"norm_violate"
779,2,10,"norm_violate"
780,1,9,"norm_violate"
781,12,10,"norm_violate"
782,1,9,"norm_violate"
783,10,10,"control"
784,1,8,"control"
785,0,12,"control"
786,1,10,"control"
787,2,10,"control"
788,0,9,"control"
789,2,8,"norm_violate"
790,2,11,"norm_violate"
791,0,7,"norm_violate"
792,0,8,"control"
793,0,10,"norm_violate"
794,2,9,"norm_violate"
795,2,11,"control"
796,1,8,"control"
797,2,8,"control"
798,2,11,"norm_violate"
799,0,12,"control"
800,1,8,"norm_violate"
801,0,8,"control"
802,1,8,"norm_violate"
803,2,10,"norm_violate"
804,0,10,"norm_violate"
805,8,12,"norm_violate"
806,1,9,"control"
807,1,11,"control"
808,0,11,"control"
809,2,8,"control"
810,1,10,"control"
811,12,8,"norm_violate"
812,1,10,"control"
813,3,9,"control"
814,1,9,"norm_violate"
815,11,8,"norm_violate"
816,3,9,"norm_violate"
817,0,10,"norm_violate"
818,4,11,"norm_violate"
819,2,9,"control"
820,0,10,"norm_violate"
821,1,9,"norm_violate"
822,1,8,"control"
823,9,10,"control"
824,1,8,"control"
825,11,9,"norm_violate"
826,11,9,"norm_violate"
827,1,9,"norm_violate"
828,1,10,"control"
829,11,9,"control"
830,1,10,"control"
831,1,8,"norm_violate"
832,1,10,"control"
833,0,10,"norm_violate"
834,2,10,"control"
835,0,10,"norm_violate"
836,1,10,"norm_violate"
837,4,8,"norm_violate"
838,0,9,"control"
839,2,7,"norm_violate"
840,0,9,"control"
841,11,6,"control"
842,2,10,"norm_violate"
843,2,11,"norm_violate"
844,2,9,"control"
845,0,9,"norm_violate"
846,0,11,"control"
847,10,10,"control"
848,1,8,"norm_violate"
849,1,10,"norm_violate"
850,1,9,"control"
851,0,6,"control"
852,1,10,"control"
853,1,10,"control"
854,0,10,"control"
855,0,11,"control"
856,4,8,"norm_violate"
857,2,10,"control"
858,1,10,"norm_violate"
859,4,10,"norm_violate"
860,2,6,"control"
861,3,6,"norm_violate"
862,2,10,"norm_violate"
863,12,10,"control"
864,0,8,"norm_violate"
865,2,11,"control"
866,4,8,"control"
867,0,11,"control"
868,1,12,"norm_violate"
869,12,10,"control"
870,0,11,"control"
871,4,10,"norm_violate"
872,1,6,"control"
873,1,11,"control"
874,1,10,"norm_violate"
875,2,11,"control"
876,0,11,"norm_violate"
877,3,9,"norm_violate"
878,1,12,"control"
879,1,9,"control"
880,0,9,"norm_violate"
881,0,10,"control"
882,1,9,"control"
883,1,9,"norm_violate"
884,2,8,"norm_violate"
885,5,8,"control"
886,10,8,"control"
887,0,10,"norm_violate"
888,3,10,"norm_violate"
889,0,10,"control"
890,1,10,"norm_violate"
891,0,11,"control"
892,1,10,"control"
893,1,12,"control"
894,1,11,"control"
895,0,5,"norm_violate"
896,0,7,"control"
897,1,10,"control"
898,2,8,"control"
899,2,11,"norm_violate"
900,3,9,"norm_violate"
901,1,9,"norm_violate"
902,9,10,"control"
903,1,8,"control"
904,2,6,"control"
905,2,10,"norm_violate"
906,1,9,"norm_violate"
907,3,11,"control"
908,4,9,"norm_violate"
909,2,10,"control"
910,1,12,"control"
911,2,7,"norm_violate"
912,2,9,"control"
913,1,10,"norm_violate"
914,1,7,"control"
915,0,12,"norm_violate"
916,1,12,"norm_violate"
917,1,10,"control"
918,3,9,"norm_violate"
919,0,10,"norm_violate"
920,1,8,"control"
921,10,8,"control"
922,4,10,"control"
923,1,9,"norm_violate"
924,1,11,"control"
925,2,8,"norm_violate"
926,0,11,"norm_violate"
927,11,9,"norm_violate"
928,1,12,"control"
929,1,9,"control"
930,0,8,"norm_violate"
931,1,9,"norm_violate"
932,1,11,"control"
933,0,9,"norm_violate"
934,0,11,"control"
935,1,9,"norm_violate"
936,12,9,"norm_violate"
937,1,10,"norm_violate"
938,0,8,"norm_violate"
939,2,8,"norm_violate"
940,4,12,"norm_violate"
941,3,11,"control"
942,1,12,"control"
943,1,7,"norm_violate"
944,1,8,"control"
945,1,9,"norm_violate"
946,2,12,"control"
947,4,7,"norm_violate"
948,1,8,"norm_violate"
949,1,11,"control"
950,3,10,"norm_violate"
951,1,10,"norm_violate"
952,1,11,"norm_violate"
953,2,10,"norm_violate"
954,1,9,"norm_violate"
955,12,5,"control"
956,0,9,"norm_violate"
957,1,10,"control"
958,2,7,"norm_violate"
959,4,11,"norm_violate"
960,11,10,"norm_violate"
961,10,9,"norm_violate"
962,0,10,"control"
963,0,5,"control"
964,2,9,"norm_violate"
965,0,11,"control"
966,12,10,"control"
967,1,8,"control"
968,0,8,"control"
969,11,9,"norm_violate"
970,0,10,"norm_violate"
971,1,9,"norm_violate"
972,0,8,"norm_violate"
973,12,8,"control"
974,2,8,"norm_violate"
975,3,8,"control"
976,1,8,"control"
977,0,12,"control"
978,2,11,"norm_violate"
979,0,8,"control"
980,0,9,"control"
981,0,7,"norm_violate"
982,1,9,"control"
983,4,6,"norm_violate"
984,4,5,"control"
985,0,10,"control"
986,0,12,"control"
987,2,12,"control"
988,2,10,"norm_violate"
989,0,10,"norm_violate"
990,1,12,"control"
991,1,10,"norm_violate"
992,3,7,"norm_violate"
993,3,9,"norm_violate"
994,0,11,"norm_violate"
995,1,9,"norm_violate"
996,1,10,"control"
997,0,10,"control"
998,1,9,"control"
999,2,10,"control"
1000,1,9,"norm_violate"
1001,0,11,"control"
1002,2,8,"norm_violate"
1003,1,9,"norm_violate"
1004,2,9,"control"
1005,4,12,"norm_violate"
1006,1,6,"norm_violate"
1007,1,11,"control"
1008,12,10,"norm_violate"
1009,0,10,"norm_violate"
1010,2,11,"control"
1011,0,10,"norm_violate"
1012,1,10,"control"
1013,1,10,"control"
1014,1,8,"control"
1015,11,9,"norm_violate"
1016,0,12,"control"
1017,1,9,"norm_violate"
1018,2,10,"norm_violate"
1019,1,8,"norm_violate"
1020,2,11,"norm_violate"
1021,0,9,"control"
1022,0,9,"control"
1023,0,7,"norm_violate"
1024,2,11,"control"
1025,3,12,"norm_violate"
1026,5,9,"norm_violate"
1027,2,8,"control"
1028,2,10,"control"
1029,1,7,"norm_violate"
1030,2,9,"control"
1031,1,7,"norm_violate"
1032,1,7,"control"
1033,1,10,"control"
1034,2,10,"control"
1035,0,11,"norm_violate"
1036,10,12,"norm_violate"
1037,2,11,"control"
1038,1,11,"norm_violate"
1039,3,10,"control"
1040,1,11,"norm_violate"
1041,1,11,"control"
1042,3,8,"control"
1043,0,10,"norm_violate"
1044,1,10,"control"
1045,11,11,"control"
1046,12,12,"control"
1047,11,10,"norm_violate"
1048,1,8,"norm_violate"
1049,0,8,"norm_violate"
1050,2,11,"control"
1051,10,7,"norm_violate"
1052,2,7,"norm_violate"
1053,0,10,"control"
1054,12,11,"control"
1055,11,9,"control"
1056,1,9,"control"
1057,10,10,"control"
1058,1,10,"norm_violate"
1059,1,8,"norm_violate"
1060,2,8,"control"
1061,10,8,"control"
1062,1,11,"control"
1063,2,10,"control"
1064,3,9,"norm_violate"
1065,0,10,"norm_violate"
1066,10,10,"control"
1067,1,8,"norm_violate"
1068,1,10,"norm_violate"
1069,2,9,"control"
1070,12,10,"control"
1071,0,8,"norm_violate"
1072,1,10,"norm_violate"
1073,2,9,"control"
1074,2,10,"norm_violate"
1075,11,10,"control"
1076,11,8,"control"
1077,1,11,"control"
1078,1,10,"control"
1079,2,9,"norm_violate"
1080,0,11,"norm_violate"
1081,2,9,"norm_violate"
1082,2,11,"control"
1083,1,9,"control"
1084,1,10,"control"
1085,0,9,"norm_violate"
1086,1,10,"control"
1087,3,7,"control"
1088,3,12,"norm_violate"
1089,0,12,"control"
1090,2,10,"norm_violate"
1091,1,10,"control"
1092,1,10,"norm_violate"
1093,0,12,"control"
1094,1,11,"control"
1095,3,8,"norm_violate"
1096,11,9,"norm_violate"
1097,1,9,"control"
1098,3,11,"norm_violate"
1099,1,8,"norm_violate"
1100,3,10,"norm_violate"
1101,1,6,"control"
1102,2,11,"control"
1103,0,10,"norm_violate"
1104,0,11,"control"
1105,1,9,"control"
1106,1,9,"control"
1107,1,9,"control"
1108,2,9,"norm_violate"
1109,2,12,"norm_violate"
1110,2,9,"control"
1111,2,10,"norm_violate"
1112,1,10,"norm_violate"
1113,2,9,"norm_violate"
1114,1,7,"norm_violate"
1115,1,10,"control"
1116,0,8,"norm_violate"
1117,0,8,"norm_violate"
1118,4,10,"norm_violate"
1119,0,11,"norm_violate"
1120,0,8,"control"
1121,2,9,"norm_violate"
1122,1,7,"control"
1123,1,11,"control"
1124,0,8,"control"
1125,0,9,"control"
1126,2,8,"control"
1127,4,7,"norm_violate"
1128,1,10,"norm_violate"
1129,1,12,"norm_violate"
1130,12,11,"norm_violate"
1131,2,9,"control"
1132,0,9,"norm_violate"
1133,1,10,"control"
1134,0,10,"control"
1135,2,10,"control"
1136,0,10,"control"
1137,1,8,"norm_violate"
1138,2,7,"norm_violate"
1139,11,12,"control"
1140,1,5,"norm_violate"
1141,3,11,"control"
1142,3,10,"norm_violate"
1143,1,7,"control"
1144,4,11,"norm_violate"
1145,3,11,"norm_violate"
1146,1,8,"norm_violate"
1147,2,12,"control"
1148,2,11,"norm_violate"
1149,2,8,"norm_violate"
1150,1,9,"control"
1151,0,9,"control"
1152,2,10,"norm_violate"
1153,2,10,"norm_violate"
1154,2,8,"norm_violate"
1155,2,8,"control"
1156,1,12,"norm_violate"
1157,2,12,"norm_violate"
1158,2,9,"control"
1159,0,10,"norm_violate"
1160,11,7,"control"
1161,0,7,"norm_violate"
1162,11,10,"control"
1163,2,9,"norm_violate"
1164,3,10,"control"
1165,3,9,"control"
1166,2,8,"norm_violate"
1167,0,11,"control"
1168,2,8,"norm_violate"
1169,0,9,"control"
1170,0,10,"norm_violate"
1171,12,11,"control"
1172,1,10,"control"
1173,0,8,"control"
1174,11,11,"norm_violate"
1175,0,8,"control"
1176,0,9,"norm_violate"
1177,10,7,"control"
1178,1,8,"norm_violate"
1179,0,9,"norm_violate"
1180,1,8,"control"
1181,11,10,"control"
1182,0,11,"control"
1183,4,12,"norm_violate"
1184,2,9,"control"
1185,0,10,"norm_violate"
1186,1,11,"control"
1187,0,9,"norm_violate"
1188,0,9,"norm_violate"
1189,3,10,"control"
1190,2,7,"control"
1191,2,10,"control"
1192,2,11,"control"
1193,2,9,"norm_violate"
1194,2,11,"norm_violate"
1195,0,10,"control"
1196,1,9,"norm_violate"
1197,0,10,"control"
1198,11,7,"norm_violate"
1199,11,10,"norm_violate"
1200,1,11,"control"
1201,1,9,"control"
1202,3,9,"norm_violate"
1203,3,11,"norm_violate"
1204,0,10,"norm_violate"
1205,0,9,"control"
1206,0,12,"control"
1207,2,12,"norm_violate"
1208,1,12,"control"
1209,0,9,"control"
1210,0,12,"control"
1211,1,9,"control"
1212,2,9,"norm_violate"
1213,3,4,"norm_violate"
1214,1,9,"norm_violate"
1215,1,7,"control"
1216,1,11,"norm_violate"
1217,1,8,"control"
1218,1,10,"norm_violate"
1219,0,10,"control"
1220,4,8,"control"
1221,1,10,"norm_violate"
1222,0,8,"norm_violate"
1223,0,9,"norm_violate"
1224,1,10,"control"
1225,2,10,"norm_violate"
1226,1,10,"norm_violate"
1227,1,11,"norm_violate"
1228,0,7,"control"
1229,1,10,"control"
1230,1,11,"control"
1231,2,10,"control"
1232,0,8,"control"
1233,2,9,"norm_violate"
1234,11,10,"norm_violate"
1235,1,10,"norm_violate"
1236,3,11,"control"
1237,12,9,"norm_violate"
1238,0,10,"control"
1239,0,11,"control"
1240,0,10,"norm_violate"
1241,0,11,"control"
1242,1,9,"control"
1243,3,9,"norm_violate"
1244,2,12,"norm_violate"
1245,2,8,"norm_violate"
1246,12,10,"norm_violate"
1247,3,7,"norm_violate"
1248,1,10,"control"
1249,2,12,"norm_violate"
1250,0,10,"control"
1251,1,10,"control"
1252,0,10,"norm_violate"
1253,1,9,"norm_violate"
1254,0,12,"control"
1255,12,8,"norm_violate"
1256,2,9,"control"
1257,0,11,"norm_violate"
1258,2,9,"control"
1259,2,9,"norm_violate"
1260,2,9,"control"
1261,2,11,"norm_violate"
1262,1,9,"control"
1263,3,11,"norm_violate"
1264,3,9,"control"
1265,0,11,"norm_violate"
1266,2,11,"norm_violate"
1267,1,7,"norm_violate"
1268,2,11,"control"
1269,1,9,"norm_violate"
1270,0,9,"norm_violate"
1271,2,9,"control"
1272,2,9,"control"
1273,1,11,"control"
1274,0,8,"control"
1275,0,7,"control"
1276,0,11,"control"
1277,2,10,"norm_violate"
1278,1,9,"control"
1279,6,11,"control"
1280,12,10,"control"
1281,12,10,"control"
1282,3,10,"control"
1283,3,9,"norm_violate"
1284,1,12,"norm_violate"
1285,3,10,"norm_violate"
1286,1,11,"control"
1287,0,9,"control"
1288,1,8,"norm_violate"
1289,0,9,"control"
1290,2,12,"norm_violate"
1291,9,8,"norm_violate"
1292,1,11,"norm_violate"
1293,10,9,"norm_violate"
1294,1,11,"control"
1295,0,10,"control"
1296,0,10,"control"
1297,2,9,"norm_violate"
1298,2,11,"control"
1299,1,8,"norm_violate"
1300,4,10,"control"
1301,1,10,"norm_violate"
1302,1,10,"control"
1303,1,6,"norm_violate"
1304,1,9,"control"
1305,1,10,"norm_violate"
1306,11,9,"control"
1307,1,9,"control"
1308,1,7,"norm_violate"
1309,3,9,"control"
1310,2,10,"control"
1311,0,12,"control"
1312,1,5,"norm_violate"
1313,1,10,"norm_violate"
1314,0,10,"norm_violate"
1315,4,9,"norm_violate"
1316,1,9,"norm_violate"
1317,2,10,"control"
1318,2,10,"norm_violate"
1319,2,7,"norm_violate"
1320,1,8,"control"
1321,2,9,"norm_violate"
1322,1,11,"control"
1323,11,8,"control"
1324,1,12,"control"
1325,1,10,"control"
1326,1,11,"norm_violate"
1327,2,10,"norm_violate"
1328,1,11,"control"
1329,2,9,"control"
1330,4,10,"control"
1331,1,11,"norm_violate"
1332,2,8,"control"
1333,2,9,"norm_violate"
1334,5,9,"norm_violate"
1335,1,10,"norm_violate"
1336,3,9,"norm_violate"
1337,0,10,"control"
1338,11,6,"norm_violate"
1339,2,10,"control"
1340,9,8,"norm_violate"
1341,2,9,"control"
1342,1,10,"norm_violate"
1343,1,10,"norm_violate"
1344,2,9,"control"
1345,3,9,"control"
1346,2,10,"norm_violate"
1347,2,11,"norm_violate"
1348,1,9,"norm_violate"
1349,0,9,"norm_violate"
1350,1,6,"norm_violate"
1351,1,10,"control"
1352,1,8,"norm_violate"
1353,1,9,"control"
1354,1,7,"norm_violate"
1355,0,9,"control"
1356,1,8,"norm_violate"
1357,2,9,"norm_violate"
1358,5,8,"norm_violate"
1359,3,10,"control"
1360,10,11,"control"
1361,11,11,"norm_violate"
1362,10,10,"norm_violate"
1363,11,12,"control"
1364,0,9,"norm_violate"
1365,0,11,"norm_violate"
1366,1,9,"norm_violate"
1367,0,9,"norm_violate"
1368,1,10,"control"
1369,1,9,"control"
1370,2,10,"norm_violate"
1371,0,7,"norm_violate"
1372,1,8,"control"
1373,3,11,"control"
1374,1,7,"control"
1375,0,10,"control"
1376,2,9,"norm_violate"
1377,2,8,"norm_violate"
1378,2,10,"norm_violate"
1379,1,9,"control"
1380,0,10,"norm_violate"
1381,1,11,"control"
1382,3,6,"norm_violate"
1383,1,6,"control"
1384,1,9,"norm_violate"
1385,2,11,"control"
1386,0,10,"control"
1387,0,10,"control"
1388,1,9,"norm_violate"
1389,1,8,"norm_violate"
1390,1,10,"norm_violate"
1391,1,11,"norm_violate"
1392,2,7,"norm_violate"
1393,0,10,"norm_violate"
1394,10,11,"control"
1395,1,11,"norm_violate"
1396,1,9,"control"
1397,1,8,"norm_violate"
1398,1,10,"norm_violate"
1399,2,8,"norm_violate"
1400,2,10,"control"
1401,1,11,"norm_violate"
1402,1,11,"control"
1403,2,8,"norm_violate"
1404,0,9,"norm_violate"
1405,9,8,"norm_violate"
1406,1,11,"norm_violate"
1407,1,9,"norm_violate"
1408,1,10,"control"
1409,11,10,"norm_violate"
1410,2,9,"control"
1411,0,10,"control"
1412,0,10,"norm_violate"
1413,1,8,"norm_violate"
1414,2,10,"control"
1415,2,11,"control"
1416,1,5,"norm_violate"
1417,2,11,"norm_violate"
1418,2,9,"control"
1419,0,9,"control"
1420,0,11,"control"
1421,1,9,"norm_violate"
1422,1,11,"norm_violate"
1423,9,10,"control"
1424,1,8,"control"
1425,1,8,"norm_violate"
1426,1,7,"norm_violate"
1427,12,11,"control"
1428,0,9,"control"
1429,11,11,"control"
1430,2,10,"norm_violate"
1431,1,12,"norm_violate"
1432,1,8,"norm_violate"
1433,9,12,"control"
1434,2,10,"control"
1435,1,8,"control"
1436,0,5,"norm_violate"
1437,11,9,"control"
1438,2,8,"norm_violate"
1439,1,9,"control"
1440,0,9,"control"
1441,1,11,"control"
1442,0,9,"norm_violate"
1443,1,10,"control"
1444,0,11,"control"
1445,3,8,"norm_violate"
1446,0,11,"control"
1447,0,11,"control"
1448,0,10,"control"
1449,1,9,"norm_violate"
1450,1,12,"control"
1451,2,11,"control"
1452,3,12,"control"
1453,0,10,"norm_violate"
1454,1,11,"norm_violate"
1455,2,7,"norm_violate"
1456,0,11,"control"
1457,2,9,"control"
1458,0,7,"control"
1459,1,10,"control"
1460,11,9,"control"
1461,1,11,"norm_violate"
1462,0,10,"control"
1463,1,11,"control"
1464,2,8,"control"
1465,0,8,"control"
1466,2,10,"control"
1467,0,9,"norm_violate"
1468,1,9,"control"
1469,12,10,"norm_violate"
1470,2,7,"norm_violate"
1471,3,9,"norm_violate"
1472,1,12,"control"
1473,1,11,"control"
1474,2,12,"control"
1475,2,11,"norm_violate"
1476,4,12,"norm_violate"
1477,0,9,"control"
1478,1,9,"norm_violate"
1479,12,10,"control"
1480,1,8,"norm_violate"
1481,1,10,"control"
1482,2,10,"norm_violate"
1483,1,11,"control"
1484,0,10,"control"
1485,1,9,"norm_violate"
1486,1,9,"norm_violate"
1487,1,8,"norm_violate"
1488,0,11,"norm_violate"
1489,8,11,"control"
1490,1,11,"control"
1491,0,11,"control"
1492,0,8,"control"
1493,1,8,"control"
1494,1,8,"norm_violate"
1495,3,9,"norm_violate"
1496,0,11,"control"
1497,1,8,"norm_violate"
1498,0,11,"norm_violate"
1499,3,8,"norm_violate"
1500,1,9,"control"
1501,1,9,"norm_violate"
1502,3,7,"control"
1503,3,10,"control"
1504,1,10,"control"
1505,0,10,"control"
1506,1,10,"control"
1507,1,10,"control"
1508,2,9,"norm_violate"
1509,1,8,"norm_violate"
1510,3,9,"control"
1511,1,8,"norm_violate"
1512,11,11,"control"
1513,9,9,"control"
1514,3,10,"norm_violate"
1515,1,7,"control"
1516,1,10,"control"
1517,2,9,"control"
1518,12,11,"control"
1519,0,10,"norm_violate"
1520,0,12,"norm_violate"
1521,1,9,"norm_violate"
1522,2,9,"norm_violate"
1523,1,10,"control"
1524,2,10,"norm_violate"
1525,2,9,"control"
1526,1,9,"norm_violate"
1527,2,8,"control"
1528,11,11,"norm_violate"
1529,12,9,"norm_violate"
1530,0,6,"norm_violate"
1531,2,10,"norm_violate"
1532,3,8,"norm_violate"
1533,2,9,"control"
1534,2,11,"norm_violate"
1535,0,10,"norm_violate"
1536,1,11,"norm_violate"
1537,0,10,"control"
1538,1,11,"norm_violate"
1539,12,12,"norm_violate"
1540,11,10,"control"
1541,1,9,"norm_violate"
1542,3,10,"control"
1543,1,10,"control"
1544,1,10,"control"
1545,0,10,"control"
1546,3,9,"norm_violate"
1547,0,10,"control"
1548,0,10,"control"
1549,2,12,"norm_violate"
1550,1,7,"norm_violate"
1551,2,11,"norm_violate"
1552,1,9,"norm_violate"
1553,0,7,"control"
1554,1,11,"control"
1555,1,8,"control"
1556,1,8,"norm_violate"
1557,1,11,"control"
1558,10,10,"norm_violate"
1559,2,9,"control"
1560,1,10,"control"
1561,0,11,"control"
1562,3,9,"control"
1563,2,9,"control"
1564,2,9,"norm_violate"
1565,1,10,"control"
1566,2,11,"norm_violate"
1567,4,8,"norm_violate"
1568,2,9,"control"
1569,0,8,"norm_violate"
1570,0,9,"control"
1571,12,10,"norm_violate"
1572,2,11,"norm_violate"
1573,1,6,"norm_violate"
1574,2,7,"control"
1575,1,10,"control"
1576,9,11,"control"
1577,0,11,"control"
1578,2,10,"norm_violate"
1579,2,8,"norm_violate"
1580,1,10,"control"
1581,1,9,"norm_violate"
1582,0,10,"norm_violate"
1583,2,8,"norm_violate"
1584,11,9,"norm_violate"
1585,1,9,"norm_violate"
1586,1,10,"control"
1587,2,9,"norm_violate"
1588,2,8,"norm_violate"
1589,0,7,"norm_violate"
1590,2,9,"norm_violate"
1591,0,6,"norm_violate"
1592,12,10,"control"
1593,1,8,"norm_violate"
1594,1,9,"control"
1595,9,7,"control"
1596,2,9,"control"
1597,1,8,"norm_violate"
1598,1,11,"control"
1599,2,11,"norm_violate"
1600,1,11,"control"
1601,2,10,"control"
1602,0,8,"control"
1603,1,10,"norm_violate"
1604,0,7,"norm_violate"
1605,1,8,"norm_violate"
1606,3,8,"norm_violate"
1607,0,12,"control"
1608,0,9,"control"
1609,1,10,"norm_violate"
1610,1,9,"norm_violate"
1611,0,10,"control"
1612,2,9,"control"
1613,2,11,"control"
1614,0,6,"norm_violate"
1615,0,8,"control"
1616,2,10,"norm_violate"
1617,11,11,"norm_violate"
1618,1,10,"norm_violate"
1619,2,9,"control"
1620,9,9,"norm_violate"
1621,1,11,"control"
1622,2,9,"control"
1623,1,11,"norm_violate"
1624,0,9,"norm_violate"
1625,0,10,"control"
1626,1,10,"control"
1627,3,11,"norm_violate"
1628,1,10,"control"
1629,11,12,"control"
1630,0,10,"norm_violate"
1631,1,9,"norm_violate"
1632,0,6,"norm_violate"
1633,1,9,"norm_violate"
1634,1,10,"control"
1635,1,5,"norm_violate"
1636,4,10,"norm_violate"
1637,3,7,"norm_violate"
1638,1,9,"norm_violate"
1639,3,7,"norm_violate"
1640,1,9,"control"
1641,1,10,"norm_violate"
1642,10,10,"control"
1643,0,9,"control"
1644,0,12,"control"
1645,2,9,"control"
1646,1,10,"control"
1647,3,10,"control"
1648,1,10,"control"
1649,4,9,"norm_violate"
1650,1,8,"norm_violate"
1651,11,7,"norm_violate"
1652,0,11,"control"
1653,0,9,"norm_violate"
1654,1,9,"norm_violate"
1655,3,9,"norm_violate"
1656,12,11,"norm_violate"
1657,0,11,"control"
1658,10,11,"control"
1659,12,10,"norm_violate"
1660,1,9,"norm_violate"
1661,0,11,"norm_violate"
1662,0,10,"control"
1663,1,10,"norm_violate"
1664,1,6,"norm_violate"
1665,2,10,"control"
1666,2,9,"control"
1667,2,12,"norm_violate"
1668,1,10,"norm_violate"
1669,1,10,"control"
1670,1,8,"control"
1671,0,7,"norm_violate"
1672,1,10,"control"
1673,3,8,"norm_violate"
1674,2,9,"control"
1675,1,9,"control"
1676,10,9,"control"
1677,1,10,"control"
1678,2,9,"norm_violate"
1679,0,10,"norm_violate"
1680,0,9,"norm_violate"
1681,0,11,"control"
1682,1,10,"norm_violate"
1683,2,9,"control"
1684,0,8,"norm_violate"
1685,0,9,"control"
1686,3,8,"control"
1687,2,10,"control"
1688,1,9,"norm_violate"
1689,3,8,"control"
1690,1,10,"norm_violate"
1691,0,8,"control"
1692,0,10,"control"
1693,4,11,"norm_violate"
1694,0,10,"control"
1695,1,9,"norm_violate"
1696,9,10,"norm_violate"
1697,12,9,"norm_violate"
1698,1,9,"control"
1699,10,10,"control"
1700,1,8,"control"
1701,1,10,"norm_violate"
1702,1,11,"control"
1703,1,10,"control"
1704,12,9,"norm_violate"
1705,1,10,"control"
1706,1,8,"control"
1707,0,7,"norm_violate"
1708,1,9,"control"
1709,1,7,"norm_violate"
1710,10,10,"control"
1711,2,10,"norm_violate"
1712,2,11,"control"
1713,1,10,"norm_violate"
1714,1,10,"norm_violate"
1715,3,10,"control"
1716,2,7,"control"
1717,1,9,"control"
1718,11,10,"control"
1719,2,7,"norm_violate"
1720,1,11,"control"
1721,1,8,"norm_violate"
1722,1,6,"control"
1723,1,7,"control"
1724,2,9,"norm_violate"
1725,1,11,"control"
1726,0,9,"control"
1727,10,11,"control"
1728,2,8,"norm_violate"
1729,0,11,"norm_violate"
1730,0,12,"control"
1731,4,8,"norm_violate"
1732,2,9,"control"
1733,12,8,"norm_violate"
1734,2,9,"norm_violate"
1735,11,10,"control"
1736,0,8,"norm_violate"
1737,1,11,"norm_violate"
1738,1,11,"control"
1739,2,10,"control"
1740,10,8,"control"
1741,2,8,"control"
1742,0,10,"control"
1743,1,10,"control"
1744,2,10,"norm_violate"
1745,12,7,"norm_violate"
1746,1,8,"control"
1747,3,8,"norm_violate"
1748,1,7,"norm_violate"
1749,2,11,"norm_violate"
1750,1,9,"norm_violate"
1751,0,10,"norm_violate"
1752,2,11,"control"
1753,1,11,"control"
1754,2,9,"control"
1755,3,9,"norm_violate"
1756,3,9,"norm_violate"
1757,3,9,"norm_violate"
1758,0,9,"control"
1759,0,10,"norm_violate"
1760,0,10,"control"
1761,0,8,"control"
1762,0,10,"norm_violate"
1763,2,9,"norm_violate"
1764,0,12,"control"
1765,5,10,"norm_violate"
1766,1,11,"norm_violate"
1767,1,11,"norm_violate"
1768,1,8,"control"
1769,3,9,"norm_violate"
1770,1,9,"control"
1771,1,7,"control"
1772,2,10,"norm_violate"
1773,3,11,"control"
1774,2,12,"control"
1775,0,10,"norm_violate"
1776,8,11,"control"
1777,0,11,"norm_violate"
1778,0,8,"control"
1779,0,11,"control"
1780,2,8,"norm_violate"
1781,2,11,"control"
1782,2,10,"control"
1783,1,9,"control"
1784,0,9,"control"
1785,0,8,"norm_violate"
1786,2,11,"control"
1787,1,10,"norm_violate"
1788,0,8,"control"
1789,1,12,"norm_violate"
1790,0,10,"norm_violate"
1791,11,8,"control"
1792,2,8,"norm_violate"
1793,0,9,"norm_violate"
1794,1,10,"control"
1795,1,10,"norm_violate"
1796,2,6,"control"
1797,1,9,"control"
1798,2,8,"norm_violate"
1799,0,9,"control"
1800,2,10,"norm_violate"
1801,0,10,"control"
1802,0,10,"control"
1803,1,8,"norm_violate"
1804,1,11,"norm_violate"
1805,2,10,"control"
1806,1,8,"norm_violate"
1807,12,9,"norm_violate"
1808,2,9,"norm_violate"
1809,2,10,"control"
1810,12,10,"norm_violate"
1811,0,10,"control"
1812,0,9,"norm_violate"
1813,3,8,"control"
1814,1,9,"norm_violate"
1815,1,9,"norm_violate"
1816,0,9,"control"
1817,11,11,"norm_violate"
1818,1,9,"norm_violate"
1819,1,8,"control"
1820,2,8,"norm_violate"
1821,2,10,"control"
1822,1,8,"control"
1823,10,7,"norm_violate"
1824,9,6,"norm_violate"
1825,1,10,"norm_violate"
1826,0,9,"control"
1827,11,10,"control"
1828,2,10,"control"
1829,2,10,"norm_violate"
1830,0,8,"control"
1831,1,7,"norm_violate"
1832,0,10,"norm_violate"
1833,0,7,"control"
1834,2,10,"control"
1835,0,9,"control"
1836,2,7,"norm_violate"
1837,3,9,"norm_violate"
1838,0,8,"control"
1839,0,7,"norm_violate"
1840,1,11,"control"
1841,1,8,"norm_violate"
1842,0,9,"control"
1843,1,12,"norm_violate"
1844,3,10,"norm_violate"
1845,0,10,"control"
1846,3,8,"norm_violate"
1847,0,9,"norm_violate"
1848,2,10,"norm_violate"
1849,2,8,"control"
1850,1,11,"control"
1851,10,11,"norm_violate"
1852,1,9,"control"
1853,10,10,"norm_violate"
1854,1,9,"control"
1855,1,9,"norm_violate"
1856,1,10,"control"
1857,2,10,"control"
1858,1,10,"norm_violate"
1859,0,12,"control"
1860,1,11,"control"
1861,1,11,"control"
1862,0,10,"norm_violate"
1863,1,11,"control"
1864,2,9,"norm_violate"
1865,2,10,"norm_violate"
1866,2,11,"control"
1867,0,8,"norm_violate"
1868,1,8,"norm_violate"
1869,1,11,"norm_violate"
1870,12,9,"control"
1871,1,11,"control"
1872,2,10,"norm_violate"
1873,2,11,"control"
1874,1,8,"control"
1875,1,7,"control"
1876,2,8,"control"
1877,1,11,"control"
1878,1,9,"control"
1879,2,12,"norm_violate"
1880,11,10,"control"
1881,1,8,"control"
1882,2,10,"control"
1883,2,9,"control"
1884,2,10,"control"
1885,3,8,"control"
1886,3,10,"control"
1887,11,10,"norm_violate"
1888,0,10,"norm_violate"
1889,0,11,"control"
1890,1,10,"norm_violate"
1891,1,10,"control"
1892,2,11,"control"
1893,1,9,"norm_violate"
1894,2,11,"control"
1895,3,9,"control"
1896,4,10,"norm_violate"
1897,0,10,"control"
1898,0,12,"control"
1899,1,10,"norm_violate"
1900,11,9,"control"
1901,2,9,"control"
1902,2,10,"control"
1903,1,9,"norm_violate"
1904,1,9,"norm_violate"
1905,0,10,"norm_violate"
1906,1,10,"norm_violate"
1907,2,10,"control"
1908,0,9,"norm_violate"
1909,1,9,"norm_violate"
1910,1,8,"norm_violate"
1911,3,9,"norm_violate"
1912,0,7,"control"
1913,1,11,"control"
1914,12,11,"control"
1915,12,9,"control"
1916,1,8,"norm_violate"
1917,12,11,"norm_violate"
1918,4,10,"norm_violate"
1919,2,9,"control"
1920,2,10,"control"
1921,0,9,"control"
1922,0,8,"control"
1923,1,8,"control"
1924,0,8,"norm_violate"
1925,2,8,"control"
1926,1,9,"control"
1927,1,10,"norm_violate"
1928,3,9,"norm_violate"
1929,9,9,"norm_violate"
1930,8,9,"control"
1931,2,9,"norm_violate"
1932,0,10,"norm_violate"
1933,1,9,"control"
1934,3,6,"control"
1935,0,6,"control"
1936,4,11,"control"
1937,3,10,"control"
1938,1,8,"control"
1939,2,9,"norm_violate"
1940,2,10,"control"
1941,2,7,"norm_violate"
1942,2,8,"control"
1943,2,7,"control"
1944,3,12,"control"
1945,2,8,"norm_violate"
1946,2,8,"norm_violate"
1947,1,9,"control"
1948,1,9,"norm_violate"
1949,0,10,"control"
1950,2,8,"control"
1951,1,11,"control"
1952,0,10,"norm_violate"
1953,0,9,"norm_violate"
1954,1,12,"norm_violate"
1955,1,10,"norm_violate"
1956,2,11,"norm_violate"
1957,0,10,"control"
1958,0,10,"control"
1959,3,9,"control"
1960,1,8,"control"
1961,1,6,"control"
1962,1,10,"control"
1963,1,10,"control"
1964,2,11,"control"
1965,1,5,"control"
1966,0,10,"norm_violate"
1967,0,12,"control"
1968,1,12,"norm_violate"
1969,0,8,"norm_violate"
1970,0,8,"norm_violate"
1971,0,12,"control"
1972,1,10,"norm_violate"
1973,3,11,"norm_violate"
1974,3,10,"norm_violate"
1975,0,11,"control"
1976,2,10,"control"
1977,1,11,"norm_violate"
1978,2,10,"norm_violate"
1979,0,9,"norm_violate"
1980,2,11,"norm_violate"
1981,1,11,"control"
1982,0,9,"norm_violate"
1983,1,8,"norm_violate"
1984,2,8,"control"
1985,0,10,"control"
1986,1,7,"norm_violate"
1987,3,10,"norm_violate"
1988,1,11,"norm_violate"
1989,2,10,"control"
1990,10,7,"norm_violate"
1991,0,11,"control"
1992,1,7,"norm_violate"
1993,1,9,"norm_violate"
1994,1,9,"norm_violate"
1995,0,9,"control"
1996,1,11,"control"
1997,2,10,"control"
1998,1,8,"norm_violate"
1999,1,9,"norm_violate"
2000,2,7,"norm_violate"
